first_name,last_name,job_title,email,address,phone_number,salary,password
Courtney,Kelly,Communications engineer,yrussell@example.com,"80986 Dustin Garden Suite 878
Lake Anthonyside, MN 89484",+1-754-822-7148x96910,98746,19GmXbVi
Joshua,Flores,Artist,tfrancis@example.org,"0905 Robert Trail
Snyderhaven, KY 34928",837-790-3884x886,57150,mLrbXGnb
David,Holmes,Technical sales engineer,laurenadams@example.net,"56974 Angel Springs Apt. 102
Port Glennside, MO 40466",325-815-5871,94728,Jm3xB8z0
Joshua,Summers,"Engineer, civil (consulting)",michele65@example.com,"59772 Murphy Rest Apt. 761
Zacharybury, NC 09983",3223319686,76591,vmsUnwAc
Stephen,Bennett,"Education officer, environmental",bford@example.com,"70332 Taylor Island Apt. 743
Lauraport, HI 13578",001-554-576-4782,27143,UMWmiSk6
Jasmin,Mendez,Forest/woodland manager,allen09@example.com,"80556 Clifford Row
Crawfordshire, NE 38520",865.290.9154x42670,47267,kj6E3Zcf
Susan,Krueger,Therapeutic radiographer,bakertheresa@example.org,"38216 Susan Springs Apt. 887
Natalietown, WV 24098",518-995-2783x5039,54054,yf00Bv7O
Alyssa,Martin,"Secretary, company",michele34@example.org,"47227 Bruce Burgs
Ochoashire, WI 10410",9212733028,76932,UE9kDFyS
Jason,Hanna,"Editor, magazine features",jenniferyoung@example.com,"PSC 7328, Box 0390
APO AP 86282",764.725.2327x507,53349,XHg0nj0L
Nicholas,Butler,Regulatory affairs officer,curtisjoseph@example.net,"7834 Blanchard Neck
Lake Mary, LA 52160",(455)621-1909x643,4791,AVek2qPz
Monica,Chambers,Adult nurse,pjones@example.org,"876 Dawn Rapid
North Sierramouth, PW 87332",(806)908-1350,23702,BOk40rmD
Michael,Hoover,"Engineer, electronics",goodjason@example.org,"308 Bruce Square Suite 477
Melodymouth, LA 19648",795-967-7219x26028,72118,BG50BIAk
Thomas,Perry,Horticultural therapist,hedwards@example.net,"PSC 9026, Box 3973
APO AA 04246",5548429766,65039,5ALckJpS
Dawn,Hall,Chartered certified accountant,smalljennifer@example.com,"21692 Travis Vista
New Melissaland, IL 72745",001-810-515-0660x0808,6409,uy5d8eks
Patricia,Cummings,Media buyer,john92@example.com,"273 Wesley Pike
South Caitlinhaven, AK 27766",3525568998,6167,ELz00tjN
Jessica,Greene,Nutritional therapist,oscar13@example.com,"415 Clark Ramp Suite 805
South Teresahaven, HI 82121",895-502-6603x2213,33775,9jOeRJ8l
Juan,Booth,"Engineer, control and instrumentation",kathleenschmitt@example.net,"3970 Sarah Island
North Krista, AZ 67406",436-586-4842,86180,c02gV6BU
Tami,Mercer,Communications engineer,rthomas@example.org,"06207 Robin Fort Suite 821
Johnsonmouth, SC 59522",(547)922-4032,69854,CuwysW4F
Jacob,Edwards,Air broker,ygallegos@example.net,"58514 Kathryn Branch Suite 208
Port Kelly, UT 37297",001-728-969-1465x04724,72366,8CqYhwYR
Amanda,Walker,Press sub,benjamin72@example.com,"7713 Amy Inlet
Port Kevintown, OR 77085",001-510-496-8062,29122,UvtwJDM5
